# French source|English|Deutsch|Español|Português
Prélèvement actuel|Current sample|Aktuelle Farbprobe|Muestra actual|Amostra atual
IMAGE → SPRAYS|IMAGE → SPRAYS|BILD → SPRÜHFARBEN|IMAGEN → AEROSOLES|IMAGEM → SPRAYS
Votre image, votre palette de sprays|Your image, your spray palette|Dein Bild, deine Sprühfarbenpalette|Tu imagen, tu paleta de aerosoles|A tua imagem, a tua paleta de sprays
Importez une image, choisissez vos gammes et obtenez les références à acheter.|Import an image, choose your ranges and get the references to buy.|Importiere ein Bild, wähle deine Serien und erhalte die benötigten Farbreferenzen.|Importa una imagen, elige tus gamas y obtén las referencias que comprar.|Importa uma imagem, escolhe as gamas e obtém as referências a comprar.
Analyse locale · aucune image envoyée|Local analysis · no image uploaded|Lokale Analyse · kein Bild wird hochgeladen|Análisis local · no se envían imágenes|Análise local · nenhuma imagem enviada
1. Gammes autorisées|1. Allowed ranges|1. Zugelassene Serien|1. Gamas permitidas|1. Gamas permitidas
Vous pouvez mélanger plusieurs marques.|You can mix several brands.|Du kannst mehrere Marken kombinieren.|Puedes combinar varias marcas.|Podes combinar várias marcas.
2. Nombre maximum de sprays|2. Maximum number of sprays|2. Maximale Anzahl an Sprühfarben|2. Número máximo de aerosoles|2. Número máximo de sprays
Préserver les petites touches de couleur|Preserve small color accents|Kleine Farbakzente erhalten|Conservar los pequeños toques de color|Preservar os pequenos toques de cor
Les nuances proches sont regroupées. Le résultat peut utiliser moins de références.|Similar shades are grouped. The result may use fewer references.|Ähnliche Farbtöne werden zusammengefasst. Das Ergebnis kann weniger Referenzen enthalten.|Los tonos parecidos se agrupan. El resultado puede usar menos referencias.|Os tons semelhantes são agrupados. O resultado pode usar menos referências.
Importez une image ci-dessous pour lancer l’analyse.|Import an image below to start the analysis.|Importiere unten ein Bild, um die Analyse zu starten.|Importa una imagen abajo para iniciar el análisis.|Importa uma imagem abaixo para iniciar a análise.
PALETTE D’ACHAT|SHOPPING PALETTE|EINKAUFSPALETTE|PALETA DE COMPRA|PALETA DE COMPRA
Ajouter la sélection à ma liste|Add selection to my list|Auswahl zu meiner Liste hinzufügen|Añadir selección a mi lista|Adicionar a seleção à minha lista
Image originale|Original image|Originalbild|Imagen original|Imagem original
Image reproduite avec les couleurs des sprays sélectionnés|Image reproduced with the selected spray colors|Bild mit den ausgewählten Sprühfarben|Imagen reproducida con los colores de los aerosoles seleccionados|Imagem reproduzida com as cores dos sprays selecionados
Aperçu avec les sprays sélectionnés. Les couleurs réelles dépendent du nuancier et du support.|Preview with the selected sprays. Actual colors depend on the color chart and surface.|Vorschau mit den ausgewählten Sprühfarben. Die tatsächlichen Farben hängen von Farbkarte und Untergrund ab.|Vista previa con los aerosoles seleccionados. Los colores reales dependen de la carta y de la superficie.|Pré-visualização com os sprays selecionados. As cores reais dependem do catálogo e da superfície.
La part de l’image aide à repérer les couleurs dominantes. Elle ne détermine pas le nombre de bombes nécessaire.|Image coverage helps identify dominant colors. It does not determine the number of cans needed.|Der Bildanteil zeigt die dominanten Farben. Er bestimmt nicht die benötigte Anzahl an Dosen.|La proporción de la imagen ayuda a identificar los colores dominantes. No determina la cantidad de botes necesarios.|A proporção da imagem ajuda a identificar as cores dominantes. Não determina a quantidade de latas necessária.
Ajout d’une unité par référence absente de votre liste. Ajustez ensuite les quantités selon votre mur et vos couches.|Adds one unit per reference missing from your list. Then adjust quantities for your wall and coats.|Fügt eine Dose je noch fehlender Referenz hinzu. Passe die Mengen anschließend an Wand und Farbschichten an.|Se añade una unidad por referencia que falte en tu lista. Ajusta después las cantidades según el muro y las capas.|É adicionada uma unidade por referência em falta na lista. Ajusta depois as quantidades ao muro e às camadas.
Analyse des couleurs et recherche des sprays…|Analyzing colors and finding sprays…|Farben werden analysiert und Sprühfarben gesucht…|Analizando colores y buscando aerosoles…|A analisar cores e a procurar sprays…
{0} références pour votre image|{0} references for your image|{0} Referenzen für dein Bild|{0} referencias para tu imagen|{0} referências para a tua imagem
Correspondance approximative|Approximate match|Ungefähre Übereinstimmung|Coincidencia aproximada|Correspondência aproximada
Palette prête : {0} sprays sélectionnés.{1}|Palette ready: {0} sprays selected.{1}|Palette fertig: {0} Sprühfarben ausgewählt.{1}|Paleta lista: {0} aerosoles seleccionados.{1}|Paleta pronta: {0} sprays selecionados.{1}
Des couleurs sont éloignées des gammes disponibles. Essayez d’autres gammes ou davantage de sprays.|Some colors differ significantly from the available ranges. Try other ranges or more sprays.|Einige Farben weichen stark von den verfügbaren Serien ab. Probiere andere Serien oder mehr Sprühfarben.|Algunos colores se alejan de las gamas disponibles. Prueba otras gamas o más aerosoles.|Algumas cores diferem bastante das gamas disponíveis. Experimenta outras gamas ou mais sprays.
L’analyse a échoué. Modifiez un réglage ou importez à nouveau votre image pour réessayer.|Analysis failed. Change a setting or import your image again to retry.|Die Analyse ist fehlgeschlagen. Ändere eine Einstellung oder importiere das Bild erneut.|El análisis ha fallado. Cambia un ajuste o vuelve a importar la imagen para reintentarlo.|A análise falhou. Altera uma definição ou importa novamente a imagem para tentar de novo.
L’analyse n’est pas disponible dans ce navigateur.|Analysis is not available in this browser.|Die Analyse ist in diesem Browser nicht verfügbar.|El análisis no está disponible en este navegador.|A análise não está disponível neste navegador.
Aucune gamme disponible.|No ranges available.|Keine Serien verfügbar.|No hay gamas disponibles.|Nenhuma gama disponível.
Cette image est entièrement transparente.|This image is entirely transparent.|Dieses Bild ist vollständig transparent.|Esta imagen es completamente transparente.|Esta imagem é totalmente transparente.
{0} références ajoutées à votre liste.|{0} references added to your list.|{0} Referenzen zu deiner Liste hinzugefügt.|{0} referencias añadidas a tu lista.|{0} referências adicionadas à tua lista.
Ces références sont déjà dans votre liste.|These references are already in your list.|Diese Referenzen stehen bereits auf deiner Liste.|Estas referencias ya están en tu lista.|Estas referências já estão na tua lista.
DU SKETCH AU MUR|FROM SKETCH TO WALL|VON DER SKIZZE ZUR WAND|DEL BOCETO AL MURO|DO ESBOÇO AO MURO
Gardez vos repères.|Keep your reference points.|Behalte deine Orientierungspunkte.|Conserva tus puntos de referencia.|Mantém os teus pontos de referência.
Superposez votre sketch aux doodles du mur, puis explorez chaque trait.|Overlay your sketch on the wall doodles, then explore every stroke.|Lege deine Skizze über die Wandkritzeleien und erkunde jeden Strich.|Superpón tu boceto a los garabatos del muro y explora cada trazo.|Sobrepõe o esboço aos rabiscos do muro e explora cada traço.
● Photos sur cet appareil|● Photos stay on this device|● Fotos bleiben auf diesem Gerät|● Fotos en este dispositivo|● Fotografias neste dispositivo
Aller au mur|Skip to wall|Zur Wand springen|Ir al muro|Ir para o muro
Mur · Spray Color Wheel|Wall · Spray Color Wheel|Wand · Spray Color Wheel|Muro · Spray Color Wheel|Muro · Spray Color Wheel
Outils de superposition|Overlay tools|Überlagerungswerkzeuge|Herramientas de superposición|Ferramentas de sobreposição
Outils|Tools|Werkzeuge|Herramientas|Ferramentas
Images|Images|Bilder|Imágenes|Imagens
Placement|Placement|Platzierung|Colocación|Posicionamento
Le mur et ses doodles|The wall and its doodles|Die Wand und ihre Kritzeleien|El muro y sus garabatos|O muro e os seus rabiscos
Une photo aussi frontale que possible, avec les repères bien visibles.|Use a photo as straight-on as possible, with clearly visible reference points.|Verwende ein möglichst frontales Foto mit gut sichtbaren Orientierungspunkten.|Usa una foto lo más frontal posible, con los puntos de referencia bien visibles.|Usa uma fotografia o mais frontal possível, com os pontos de referência bem visíveis.
Votre mur, votre terrain de jeu.|Your wall, your playground.|Deine Wand, dein Spielplatz.|Tu muro, tu terreno de juego.|O teu muro, o teu campo de jogo.
Aucune photo du mur|No wall photo|Kein Wandfoto|Ninguna foto del muro|Nenhuma fotografia do muro
Importer le mur|Import wall|Wand importieren|Importar muro|Importar muro
Photographier le mur|Photograph the wall|Wand fotografieren|Fotografiar el muro|Fotografar o muro
Prendre une photo|Take a photo|Foto aufnehmen|Tomar una foto|Tirar uma fotografia
Appareil photo|Camera|Kamera|Cámara|Câmara
Votre sketch|Your sketch|Deine Skizze|Tu boceto|O teu esboço
Le dessin à reporter sur le mur.|The drawing to transfer to the wall.|Die Zeichnung, die auf die Wand übertragen wird.|El dibujo que vas a trasladar al muro.|O desenho a transferir para o muro.
Aucun sketch|No sketch|Keine Skizze|Ningún boceto|Nenhum esboço
Importer le sketch|Import sketch|Skizze importieren|Importar boceto|Importar esboço
Photographier le sketch|Photograph the sketch|Skizze fotografieren|Fotografiar el boceto|Fotografar o esboço
Galerie ou fichiers · JPG, PNG, WebP et formats reconnus par votre navigateur. Images ajustées à 2 560 px maximum.|Gallery or files · JPG, PNG, WebP and formats supported by your browser. Images resized to a maximum of 2,560 px.|Galerie oder Dateien · JPG, PNG, WebP und vom Browser unterstützte Formate. Bilder werden auf maximal 2.560 px verkleinert.|Galería o archivos · JPG, PNG, WebP y formatos compatibles con tu navegador. Imágenes ajustadas a un máximo de 2560 px.|Galeria ou ficheiros · JPG, PNG, WebP e formatos reconhecidos pelo navegador. Imagens ajustadas a um máximo de 2560 px.
Alignez votre dessin.|Align your drawing.|Richte deine Zeichnung aus.|Alinea tu dibujo.|Alinha o teu desenho.
En mode Placer, glissez le sketch. Activez les coins pour épouser la perspective du mur.|In Place mode, drag the sketch. Enable corners to match the wall perspective.|Ziehe die Skizze im Modus Platzieren. Aktiviere die Ecken, um sie an die Wandperspektive anzupassen.|En el modo Colocar, arrastra el boceto. Activa las esquinas para adaptarlo a la perspectiva del muro.|No modo Colocar, arrasta o esboço. Ativa os cantos para o adaptar à perspetiva do muro.
Placement du sketch|Sketch placement|Skizzenplatzierung|Colocación del boceto|Posicionamento do esboço
Ajuster les quatre coins|Adjust all four corners|Alle vier Ecken anpassen|Ajustar las cuatro esquinas|Ajustar os quatro cantos
Taille|Size|Größe|Tamaño|Tamanho
Rotation|Rotation|Drehung|Rotación|Rotação
Replacer au centre|Reset to center|Wieder mittig platzieren|Volver al centro|Repor no centro
Précision au clavier : flèches pour déplacer le sketch, Maj pour un déplacement plus grand.|Keyboard precision: arrows move the sketch; Shift increases the step.|Präzision per Tastatur: Pfeile verschieben die Skizze, Umschalt vergrößert den Schritt.|Precisión con el teclado: flechas para mover el boceto, Mayús para un desplazamiento mayor.|Precisão com o teclado: setas para mover o esboço, Shift para um deslocamento maior.
Une fois aligné, passez en|Once aligned, switch to|Wechsle nach dem Ausrichten zu|Una vez alineado, cambia a|Depois de alinhado, muda para
Explorer|Explore|Erkunden|Explorar|Explorar
: les deux images restent solidaires.|: both images stay aligned.|: Beide Bilder bleiben ausgerichtet.|: las dos imágenes permanecen alineadas.|: as duas imagens mantêm-se alinhadas.
Faites ressortir les traits.|Bring out the strokes.|Hebe die Linien hervor.|Resalta los trazos.|Realça os traços.
Fusion des images|Image blending|Bildüberblendung|Fusión de imágenes|Fusão de imagens
Opacité du sketch|Sketch opacity|Deckkraft der Skizze|Opacidad del boceto|Opacidade do esboço
Mode de fusion|Blend mode|Mischmodus|Modo de fusión|Modo de fusão
Normal|Normal|Normal|Normal|Normal
Produit · traits sombres|Multiply · dark strokes|Multiplizieren · dunkle Linien|Multiplicar · trazos oscuros|Multiplicar · traços escuros
Écran · traits clairs|Screen · light strokes|Negativ multiplizieren · helle Linien|Trama · trazos claros|Ecrã · traços claros
Photo du mur|Wall photo|Wandfoto|Foto del muro|Fotografia do muro
Contraste|Contrast|Kontrast|Contraste|Contraste
Sketch|Sketch|Skizze|Boceto|Esboço
Réinitialiser les réglages|Reset settings|Einstellungen zurücksetzen|Restablecer ajustes|Repor definições
Enregistrer sur cet appareil|Save on this device|Auf diesem Gerät speichern|Guardar en este dispositivo|Guardar neste dispositivo
Reprendre la session enregistrée|Resume saved session|Gespeicherte Sitzung fortsetzen|Reanudar sesión guardada|Retomar a sessão guardada
Une session conservée dans ce navigateur.|One session stored in this browser.|Eine Sitzung wird in diesem Browser gespeichert.|Una sesión guardada en este navegador.|Uma sessão guardada neste navegador.
Vue du mur|Wall view|Wandansicht|Vista del muro|Vista do muro
Mode de travail|Working mode|Arbeitsmodus|Modo de trabajo|Modo de trabalho
Placer|Place|Platzieren|Colocar|Colocar
Explorer · verrouiller|Explore · lock|Erkunden · sperren|Explorar · bloquear|Explorar · bloquear
Annuler (Ctrl / Cmd Z)|Undo (Ctrl / Cmd Z)|Rückgängig (Strg / Cmd Z)|Deshacer (Ctrl / Cmd Z)|Desfazer (Ctrl / Cmd Z)
Rétablir|Redo|Wiederholen|Rehacer|Refazer
Rétablir (Ctrl / Cmd Maj Z)|Redo (Ctrl / Cmd Shift Z)|Wiederholen (Strg / Cmd Umschalt Z)|Rehacer (Ctrl / Cmd Mayús Z)|Refazer (Ctrl / Cmd Shift Z)
Deux images. Un même repère.|Two images. One reference.|Zwei Bilder. Ein Bezugspunkt.|Dos imágenes. Una referencia.|Duas imagens. Uma referência.
Commencez par une photo de votre mur.|Start with a photo of your wall.|Beginne mit einem Foto deiner Wand.|Empieza con una foto de tu muro.|Começa com uma fotografia do teu muro.
Ajoutez ensuite votre sketch pour l’aligner.|Then add your sketch to align it.|Füge dann deine Skizze hinzu und richte sie aus.|Después añade tu boceto para alinearlo.|Depois adiciona o esboço para o alinhar.
Choisir la photo du mur|Choose wall photo|Wandfoto auswählen|Elegir foto del muro|Escolher fotografia do muro
PLACEMENT DU SKETCH|SKETCH PLACEMENT|SKIZZENPLATZIERUNG|COLOCACIÓN DEL BOCETO|POSICIONAMENTO DO ESBOÇO
Recentrer|Recenter|Zentrieren|Centrar|Centrar
Maintenir : mur seul|Hold: wall only|Gedrückt halten: nur Wand|Mantener pulsado: solo muro|Manter premido: só o muro
Plein écran|Full screen|Vollbild|Pantalla completa|Ecrã inteiro
Afficher l’atelier en plein écran|Show the studio full screen|Atelier im Vollbild anzeigen|Mostrar el taller en pantalla completa|Mostrar o ateliê em ecrã inteiro
Importez vos images pour commencer.|Import your images to get started.|Importiere deine Bilder, um zu beginnen.|Importa tus imágenes para empezar.|Importa as tuas imagens para começar.
Exporter en PNG ↗|Export PNG ↗|PNG exportieren ↗|Exportar PNG ↗|Exportar PNG ↗
Superposition du mur et du sketch. Flèches pour déplacer, plus et moins pour zoomer, zéro pour recentrer.|Wall and sketch overlay. Arrow keys to move, plus and minus to zoom, zero to recenter.|Überlagerung von Wand und Skizze. Pfeile zum Verschieben, Plus und Minus zum Zoomen, Null zum Zentrieren.|Superposición del muro y el boceto. Flechas para mover, más y menos para ampliar, cero para centrar.|Sobreposição do muro e do esboço. Setas para mover, mais e menos para ampliar, zero para centrar.
AJOUTEZ VOTRE SKETCH|ADD YOUR SKETCH|SKIZZE HINZUFÜGEN|AÑADE TU BOCETO|ADICIONA O TEU ESBOÇO
AJUSTEMENT DES QUATRE COINS|FOUR-CORNER ADJUSTMENT|VIER ECKEN ANPASSEN|AJUSTE DE LAS CUATRO ESQUINAS|AJUSTE DOS QUATRO CANTOS
EXPLORATION · ALIGNEMENT VERROUILLÉ|EXPLORE · ALIGNMENT LOCKED|ERKUNDEN · AUSRICHTUNG GESPERRT|EXPLORAR · ALINEACIÓN BLOQUEADA|EXPLORAR · ALINHAMENTO BLOQUEADO
Glisser : déplacer le sketch. Coins : perspective. Pincer / molette : zoomer. Espace + glisser : déplacer la vue.|Drag: move sketch. Corners: perspective. Pinch / wheel: zoom. Space + drag: pan view.|Ziehen: Skizze bewegen. Ecken: Perspektive. Spreizen / Mausrad: zoomen. Leertaste + Ziehen: Ansicht verschieben.|Arrastrar: mover boceto. Esquinas: perspectiva. Pellizcar / rueda: ampliar. Espacio + arrastrar: desplazar vista.|Arrastar: mover esboço. Cantos: perspetiva. Pinça / roda: ampliar. Espaço + arrastar: deslocar vista.
Glisser : déplacer la vue. Pincer / molette : zoomer. Les images restent alignées.|Drag: pan view. Pinch / wheel: zoom. Images stay aligned.|Ziehen: Ansicht verschieben. Spreizen / Mausrad: zoomen. Die Bilder bleiben ausgerichtet.|Arrastrar: desplazar vista. Pellizcar / rueda: ampliar. Las imágenes permanecen alineadas.|Arrastar: deslocar vista. Pinça / roda: ampliar. As imagens mantêm-se alinhadas.
Session enregistrée sur cet appareil.|Session saved on this device.|Sitzung auf diesem Gerät gespeichert.|Sesión guardada en este dispositivo.|Sessão guardada neste dispositivo.
Modifications non enregistrées.|Unsaved changes.|Ungespeicherte Änderungen.|Cambios sin guardar.|Alterações não guardadas.
Shader indisponible|Shader unavailable|Shader nicht verfügbar|Sombreador no disponible|Shader indisponível
Choisissez une image de moins de 50 Mo.|Choose an image smaller than 50 MB.|Wähle ein Bild unter 50 MB.|Elige una imagen de menos de 50 MB.|Escolhe uma imagem com menos de 50 MB.
Ce format ne peut pas être lu ici. Exportez la photo en JPG, PNG ou WebP puis réessayez.|This format cannot be read here. Export the photo as JPG, PNG or WebP and try again.|Dieses Format kann hier nicht gelesen werden. Exportiere das Foto als JPG, PNG oder WebP und versuche es erneut.|Este formato no se puede leer aquí. Exporta la foto como JPG, PNG o WebP y vuelve a intentarlo.|Este formato não pode ser lido aqui. Exporta a fotografia em JPG, PNG ou WebP e tenta novamente.
Cette image est trop grande pour cet appareil.|This image is too large for this device.|Dieses Bild ist für dieses Gerät zu groß.|Esta imagen es demasiado grande para este dispositivo.|Esta imagem é demasiado grande para este dispositivo.
Ouverture de la photo…|Opening photo…|Foto wird geöffnet…|Abriendo foto…|A abrir fotografia…
Mur ajouté. Importez votre sketch ou ajustez son placement.|Wall added. Import your sketch or adjust its placement.|Wand hinzugefügt. Importiere deine Skizze oder passe ihre Platzierung an.|Muro añadido. Importa tu boceto o ajusta su colocación.|Muro adicionado. Importa o esboço ou ajusta o posicionamento.
Sketch ajouté. Alignez-le sur le mur, puis verrouillez le placement.|Sketch added. Align it on the wall, then lock its placement.|Skizze hinzugefügt. Richte sie an der Wand aus und sperre die Platzierung.|Boceto añadido. Alinéalo en el muro y bloquea su colocación.|Esboço adicionado. Alinha-o no muro e bloqueia o posicionamento.
Le plein écran n’est pas proposé par ce navigateur.|Full screen is not supported by this browser.|Dieser Browser unterstützt kein Vollbild.|Este navegador no admite pantalla completa.|Este navegador não suporta ecrã inteiro.
Le plein écran n’est pas disponible dans ce navigateur.|Full screen is not available in this browser.|Vollbild ist in diesem Browser nicht verfügbar.|La pantalla completa no está disponible en este navegador.|O ecrã inteiro não está disponível neste navegador.
Quitter le plein écran|Exit full screen|Vollbild verlassen|Salir de pantalla completa|Sair do ecrã inteiro
Session enregistrée dans ce navigateur. Elle remplace la précédente.|Session saved in this browser. It replaces the previous one.|Sitzung in diesem Browser gespeichert. Sie ersetzt die vorherige.|Sesión guardada en este navegador. Sustituye a la anterior.|Sessão guardada neste navegador. Substitui a anterior.
Enregistrement impossible : stockage indisponible ou plein. Exportez votre superposition en PNG.|Cannot save: storage is unavailable or full. Export your overlay as PNG.|Speichern nicht möglich: Speicher nicht verfügbar oder voll. Exportiere die Überlagerung als PNG.|No se puede guardar: almacenamiento no disponible o lleno. Exporta la superposición como PNG.|Não é possível guardar: armazenamento indisponível ou cheio. Exporta a sobreposição em PNG.
Aucune session compatible enregistrée.|No compatible saved session.|Keine kompatible gespeicherte Sitzung.|No hay ninguna sesión compatible guardada.|Nenhuma sessão compatível guardada.
Le placement enregistré est invalide.|Saved placement is invalid.|Die gespeicherte Platzierung ist ungültig.|La colocación guardada no es válida.|O posicionamento guardado é inválido.
Réglages enregistrés invalides.|Invalid saved settings.|Ungültige gespeicherte Einstellungen.|Ajustes guardados no válidos.|Definições guardadas inválidas.
Mode de fusion enregistré invalide.|Invalid saved blend mode.|Ungültiger gespeicherter Mischmodus.|Modo de fusión guardado no válido.|Modo de fusão guardado inválido.
Session restaurée. Annuler permet de retrouver le travail précédent.|Session restored. Undo returns to your previous work.|Sitzung wiederhergestellt. Rückgängig stellt deine vorherige Arbeit wieder her.|Sesión restaurada. Deshacer permite recuperar el trabajo anterior.|Sessão restaurada. Desfazer permite recuperar o trabalho anterior.
Impossible de reprendre la session.|Cannot resume the session.|Die Sitzung kann nicht fortgesetzt werden.|No se puede reanudar la sesión.|Não é possível retomar a sessão.
PNG exporté · {0} × {1} px, sans les poignées ni les commandes.|PNG exported · {0} × {1} px, without handles or controls.|PNG exportiert · {0} × {1} px, ohne Griffe und Bedienelemente.|PNG exportado · {0} × {1} px, sin tiradores ni controles.|PNG exportado · {0} × {1} px, sem alças nem controlos.
Export impossible sur cet appareil. Réessayez avec des images plus petites.|Cannot export on this device. Try smaller images.|Export auf diesem Gerät nicht möglich. Versuche es mit kleineren Bildern.|No se puede exportar en este dispositivo. Prueba con imágenes más pequeñas.|Não é possível exportar neste dispositivo. Tenta com imagens mais pequenas.
Le stockage local est indisponible. Vous pouvez travailler et exporter en PNG.|Local storage is unavailable. You can still work and export PNG.|Lokaler Speicher ist nicht verfügbar. Du kannst weiterarbeiten und PNG exportieren.|El almacenamiento local no está disponible. Puedes trabajar y exportar PNG.|O armazenamento local está indisponível. Podes trabalhar e exportar PNG.
Blancs & crèmes|Whites & creams|Weiß & Creme|Blancos y cremas|Brancos e cremes
Jaunes|Yellows|Gelbtöne|Amarillos|Amarelos
Oranges|Oranges|Orangetöne|Naranjas|Laranjas
Rouges|Reds|Rottöne|Rojos|Vermelhos
Roses & magentas|Pinks & magentas|Rosa & Magenta|Rosas y magentas|Rosas e magentas
Violets|Purples|Violetttöne|Violetas|Violetas
Bleus|Blues|Blautöne|Azules|Azuis
Turquoises|Turquoises|Türkistöne|Turquesas|Turquesas
Verts|Greens|Grüntöne|Verdes|Verdes
Olives|Olives|Olivtöne|Olivas|Azeitonas
Bruns|Browns|Brauntöne|Marrones|Castanhos
Gris|Grays|Grautöne|Grises|Cinzentos
Noirs|Blacks|Schwarztöne|Negros|Pretos
Spéciaux|Specials|Spezialfarben|Especiales|Especiais
Panier sprays · {0}|Spray list · {0}|Sprühfarbenliste · {0}|Lista de aerosoles · {0}|Lista de sprays · {0}
{0} dans le panier|{0} in your list|{0} in deiner Liste|{0} en tu lista|{0} na tua lista
Panier sprays vide|Spray list empty|Sprühfarbenliste leer|Lista de aerosoles vacía|Lista de sprays vazia
Impossible de copier cette référence.|Cannot copy this reference.|Diese Referenz kann nicht kopiert werden.|No se puede copiar esta referencia.|Não é possível copiar esta referência.
Catalogue fabricant invalide.|Invalid manufacturer catalog.|Ungültiger Herstellerkatalog.|Catálogo del fabricante no válido.|Catálogo do fabricante inválido.
Couleur invalide dans {0} a l'index {1}.|Invalid color in {0} at index {1}.|Ungültige Farbe in {0} am Index {1}.|Color no válido en {0} en el índice {1}.|Cor inválida em {0} no índice {1}.
Code exact|Exact code|Exakter Code|Código exacto|Código exato
Libellé exact|Exact name|Exakte Bezeichnung|Nombre exacto|Nome exato
Code détecté|Detected code|Erkannter Code|Código detectado|Código detetado
Correspondance forte|Strong match|Hohe Übereinstimmung|Coincidencia alta|Correspondência forte
Recherche...|Searching…|Suche läuft…|Buscando…|A pesquisar…
Retrouver les références|Find references|Referenzen finden|Buscar referencias|Procurar referências
Filtre actif|Filter active|Filter aktiv|Filtro activo|Filtro ativo
Toutes les familles|All families|Alle Farbfamilien|Todas las familias|Todas as famílias
Toutes|All|Alle|Todas|Todas
Recherche multi-marques|Multi-brand search|Markenübergreifende Suche|Búsqueda multimarca|Pesquisa multimarca
Analyse des références et substitutions en cours.|Analyzing references and substitutes.|Referenzen und Ersatzfarben werden geprüft.|Analizando referencias y sustituciones.|A analisar referências e substituições.
Aucune correspondance trouvée dans ce fabricant.|No match found for this manufacturer.|Keine Übereinstimmung bei diesem Hersteller gefunden.|No se ha encontrado ninguna coincidencia en este fabricante.|Nenhuma correspondência encontrada neste fabricante.
Introuvable|Not found|Nicht gefunden|No encontrado|Não encontrado
Ajouter à ma liste · x{0}|Add to my list · x{0}|Zur Liste hinzufügen · x{0}|Añadir a mi lista · x{0}|Adicionar à lista · x{0}
Copie|Copied|Kopiert|Copiado|Copiado
Copier ref|Copy reference|Referenz kopieren|Copiar referencia|Copiar referência
Substitution depuis {0}|Substitute from {0}|Ersatz aus {0}|Sustitución desde {0}|Substituição de {0}
Sélectionner {0}|Select {0}|{0} auswählen|Seleccionar {0}|Selecionar {0}
Sélectionner|Select|Auswählen|Seleccionar|Selecionar
Voir|View|Ansehen|Ver|Ver
{0} ajoutes au panier depuis la recherche.|{0} added to your list from search.|{0} aus der Suche zur Liste hinzugefügt.|{0} añadidos a tu lista desde la búsqueda.|{0} adicionados à lista a partir da pesquisa.
Aucune correspondance ajoutée au panier.|No matches added to your list.|Keine Treffer zur Liste hinzugefügt.|No se han añadido coincidencias a tu lista.|Nenhuma correspondência adicionada à lista.
Catalogue indisponible|Catalog unavailable|Katalog nicht verfügbar|Catálogo no disponible|Catálogo indisponível
Catalogue fabricants de sprays|Spray manufacturer catalogs|Sprühfarben-Herstellerkataloge|Catálogos de fabricantes de aerosoles|Catálogos de fabricantes de sprays
famille chromatique|color family|Farbfamilie|familia cromática|família cromática
familles chromatiques|color families|Farbfamilien|familias cromáticas|famílias cromáticas
Toutes les couleurs de la marque, classées par famille visuelle.|All brand colors, grouped by visual family.|Alle Farben der Marke, nach Farbfamilien gruppiert.|Todos los colores de la marca, agrupados por familia visual.|Todas as cores da marca, agrupadas por família visual.
{0} · Catalogue sprays|{0} · Spray catalog|{0} · Sprühfarbenkatalog|{0} · Catálogo de aerosoles|{0} · Catálogo de sprays
{0} · panier x{1}|{0} · list x{1}|{0} · Liste x{1}|{0} · lista x{1}|{0} · lista x{1}
{0} référence{1} pour « {2} »|{0} reference{1} for “{2}”|{0} Treffer für „{2}“|{0} referencia{1} para «{2}»|{0} referência{1} para «{2}»
Famille {0}|Family {0}|Familie {0}|Familia {0}|Família {0}
Utiliser comme base ↗|Use as base ↗|Als Ausgangsfarbe verwenden ↗|Usar como base ↗|Usar como base ↗
Sans code|No code|Ohne Code|Sin código|Sem código
Panier x{0}|List x{0}|Liste x{0}|Lista x{0}|Lista x{0}
Impossible de charger la liste des fabricants.|Cannot load the manufacturer list.|Die Herstellerliste kann nicht geladen werden.|No se puede cargar la lista de fabricantes.|Não é possível carregar a lista de fabricantes.
Aucun fabricant n'est disponible.|No manufacturers available.|Keine Hersteller verfügbar.|No hay fabricantes disponibles.|Nenhum fabricante disponível.
Kobra · Basse pression|Kobra · Low pressure|Kobra · Niederdruck|Kobra · Baja presión|Kobra · Baixa pressão
Kobra · Haute pression|Kobra · High pressure|Kobra · Hochdruck|Kobra · Alta presión|Kobra · Alta pressão
Fabricant introuvable.|Manufacturer not found.|Hersteller nicht gefunden.|Fabricante no encontrado.|Fabricante não encontrado.
Impossible de charger le catalogue {0}.|Cannot load catalog {0}.|Katalog {0} kann nicht geladen werden.|No se puede cargar el catálogo {0}.|Não é possível carregar o catálogo {0}.
Chargement du catalogue...|Loading catalog…|Katalog wird geladen…|Cargando catálogo…|A carregar catálogo…
Erreur de chargement du catalogue.|Failed to load catalog.|Katalog konnte nicht geladen werden.|Error al cargar el catálogo.|Erro ao carregar o catálogo.
Chargement des fabricants...|Loading manufacturers…|Hersteller werden geladen…|Cargando fabricantes…|A carregar fabricantes…
Erreur au démarrage de la page catalogue.|Failed to start the catalog page.|Katalogseite konnte nicht gestartet werden.|Error al iniciar la página del catálogo.|Erro ao iniciar a página do catálogo.
référence|reference|Referenz|referencia|referência
références|references|Referenzen|referencias|referências
fabricant|manufacturer|Hersteller|fabricante|fabricante
fabricants|manufacturers|Hersteller|fabricantes|fabricantes
famille|family|Familie|familia|família
familles|families|Familien|familias|famílias
spray|spray|Sprühdose|aerosol|spray
sprays|sprays|Sprühdosen|aerosoles|sprays
ligne|line|Zeile|línea|linha
lignes|lines|Zeilen|líneas|linhas
correspondance|match|Treffer|coincidencia|correspondência
correspondances|matches|Treffer|coincidencias|correspondências
substitution|substitute|Ersatz|sustitución|substituição
substitutions|substitutes|Ersatzfarben|sustituciones|substituições
introuvable|not found|nicht gefunden|no encontrada|não encontrada
introuvables|not found|nicht gefunden|no encontradas|não encontradas
Sombre|Dark|Dunkel|Oscuro|Escuro
Moyenne|Midtone|Mittelton|Medio|Médio
Claire|Light|Hell|Claro|Claro
Très sombre|Very dark|Sehr dunkel|Muy oscuro|Muito escuro
Très claire|Very light|Sehr hell|Muy claro|Muito claro
ancrage et ombre|foundation and shadow|Verankerung und Schatten|base y sombra|base e sombra
cœur de teinte|core hue|Kernfarbton|tono central|tom central
ouverture et lumière|openness and light|Öffnung und Licht|apertura y luz|abertura e luz
profondeur forte|deep shadows|starke Tiefe|profundidad intensa|profundidade intensa
appui et volume|structure and volume|Halt und Volumen|estructura y volumen|estrutura e volume
lumière contrôlée|controlled light|kontrolliertes Licht|luz controlada|luz controlada
haut de gamme et éclat|highlights and brightness|Lichtspitzen und Glanz|luces altas y brillo|luzes altas e brilho
Couleur de catalogue invalide.|Invalid catalog color.|Ungültige Katalogfarbe.|Color de catálogo no válido.|Cor de catálogo inválida.
{0} tonalites|{0} tones|{0} Farbtöne|{0} tonalidades|{0} tonalidades
{0} tons|{0} tones|{0} Farbtöne|{0} tonos|{0} tons
base mid tone|midtone base|Mitteltonbasis|base de tono medio|base de tom médio
bases mid tone|midtone bases|Mitteltonbasen|bases de tono medio|bases de tom médio
Tonalités par fabricant|Tones by manufacturer|Farbtöne nach Hersteller|Tonalidades por fabricante|Tonalidades por fabricante
Nuances d'une même couleur, converties en recommandations de sprays réels.|Shades of one color, matched to real spray references.|Nuancen einer Farbe, passenden echten Sprühfarben zugeordnet.|Matices de un color, convertidos en recomendaciones de aerosoles reales.|Tons de uma cor, convertidos em recomendações de sprays reais.
{0} · Tonalites sprays|{0} · Spray tones|{0} · Sprühfarbtöne|{0} · Tonalidades de aerosoles|{0} · Tonalidades de sprays
Aucune base exploitable n'a été trouvée dans ce catalogue.|No usable base color found in this catalog.|Keine geeignete Ausgangsfarbe in diesem Katalog gefunden.|No se ha encontrado una base utilizable en este catálogo.|Nenhuma cor base utilizável encontrada neste catálogo.
Très précise|Very close|Sehr genau|Muy precisa|Muito precisa
Précise|Close|Genau|Precisa|Precisa
Correcte|Fair|Ordentlich|Aceptable|Aceitável
Approximative|Approximate|Ungefähr|Aproximada|Aproximada
Impossible de copier cette valeur.|Cannot copy this value.|Dieser Wert kann nicht kopiert werden.|No se puede copiar este valor.|Não é possível copiar este valor.
Copier HEX|Copy HEX|HEX kopieren|Copiar HEX|Copiar HEX
Base mid tone {0} · {1} sert de point de depart a la rampe sombre vers clair.|Midtone base {0} · {1} is the starting point for the dark-to-light gradient.|Mitteltonbasis {0} · {1} ist der Ausgangspunkt für den Verlauf von Dunkel nach Hell.|La base de tono medio {0} · {1} es el punto de partida del degradado de oscuro a claro.|A base de tom médio {0} · {1} é o ponto de partida do gradiente de escuro para claro.
Valeurs de la couleur|Color values|Farbwerte|Valores del color|Valores da cor
Couleur de départ · {0}|Starting color · {0}|Ausgangsfarbe · {0}|Color inicial · {0}|Cor inicial · {0}
Cible théorique|Theoretical target|Theoretischer Zielton|Objetivo teórico|Alvo teórico
base proposée|suggested base|vorgeschlagene Basis|base propuesta|base sugerida
bases proposées|suggested bases|vorgeschlagene Basen|bases propuestas|bases sugeridas
0 base|0 bases|0 Basen|0 bases|0 bases
Aucune base mid tone n'a été détectée automatiquement pour cette marque.|No midtone base was automatically detected for this brand.|Für diese Marke wurde keine Mitteltonbasis automatisch erkannt.|No se ha detectado automáticamente ninguna base de tono medio para esta marca.|Nenhuma base de tom médio foi detetada automaticamente para esta marca.
Chargement du nuancier tonal...|Loading tone chart…|Farbtonkarte wird geladen…|Cargando carta tonal…|A carregar catálogo tonal…
Erreur de chargement du nuancier tonal.|Failed to load the tone chart.|Farbtonkarte konnte nicht geladen werden.|Error al cargar la carta tonal.|Erro ao carregar o catálogo tonal.
Erreur au démarrage de la page tonalités.|Failed to start the tones page.|Farbtonseite konnte nicht gestartet werden.|Error al iniciar la página de tonalidades.|Erro ao iniciar a página de tonalidades.
Sélection|Selection|Auswahl|Selección|Seleção
Index|Index|Index|Índice|Índice
Familles affichées|Displayed families|Angezeigte Farbfamilien|Familias mostradas|Famílias apresentadas
Recherche|Search|Suche|Búsqueda|Pesquisa
Retrouver une liste|Find a list|Liste wiederfinden|Buscar una lista|Procurar uma lista
Colle des codes, des noms ou des lignes complètes. Une ligne par spray fonctionne le mieux, mais les tabulations et points-virgules sont aussi acceptés.|Paste codes, names or complete lines. One line per spray works best; tabs and semicolons are also accepted.|Füge Codes, Namen oder vollständige Zeilen ein. Eine Zeile pro Sprühfarbe ist ideal; Tabulatoren und Semikolons werden ebenfalls akzeptiert.|Pega códigos, nombres o líneas completas. Lo ideal es una línea por aerosol; también se admiten tabulaciones y puntos y coma.|Cola códigos, nomes ou linhas completas. Uma linha por spray funciona melhor; também são aceites tabulações e pontos e vírgulas.
Ajouter automatiquement les références trouvées au panier|Automatically add found references to my list|Gefundene Referenzen automatisch zur Liste hinzufügen|Añadir automáticamente las referencias encontradas a mi lista|Adicionar automaticamente as referências encontradas à lista
Chaque ligne retrouvée ajoute un spray. Les doublons augmentent la quantité dans le panier.|Each matched line adds one can. Duplicates increase the quantity in your list.|Jede gefundene Zeile fügt eine Dose hinzu. Duplikate erhöhen die Menge in deiner Liste.|Cada línea encontrada añade un bote. Los duplicados aumentan la cantidad en tu lista.|Cada linha encontrada adiciona uma lata. Os duplicados aumentam a quantidade na lista.
Effacer|Clear|Löschen|Borrar|Limpar
Nuancier|Color chart|Farbkarte|Carta de colores|Catálogo de cores
Les deux|Both|Beide|Ambas|Ambas
Références retrouvées|Found references|Gefundene Referenzen|Referencias encontradas|Referências encontradas
Vue compacte|Compact view|Kompaktansicht|Vista compacta|Vista compacta
Catalogue fabricant|Manufacturer catalog|Herstellerkatalog|Catálogo del fabricante|Catálogo do fabricante
Retour à la roue|Back to wheel|Zurück zum Farbrad|Volver a la rueda|Voltar à roda
Tonalités fabricant|Manufacturer tones|Herstellerfarbtöne|Tonalidades del fabricante|Tonalidades do fabricante
Stay in touch · Instagram|Stay in touch · Instagram|In Kontakt bleiben · Instagram|Sigue en contacto · Instagram|Mantém o contacto · Instagram
Nuanciers par marque|Color charts by brand|Farbkarten nach Marke|Cartas de colores por marca|Catálogos de cores por marca
Choisis un fabricant en haut. La page affiche ensuite toutes les références du catalogue, classées par familles chromatiques.|Choose a manufacturer above. The page then displays all catalog references, grouped by color family.|Wähle oben einen Hersteller. Die Seite zeigt dann alle Katalogreferenzen nach Farbfamilien an.|Elige un fabricante arriba. La página mostrará todas las referencias del catálogo, agrupadas por familias cromáticas.|Escolhe um fabricante acima. A página apresenta todas as referências do catálogo, agrupadas por famílias cromáticas.
Nom, code ou HEX…|Name, code or HEX…|Name, Code oder HEX…|Nombre, código o HEX…|Nome, código ou HEX…
Filtrer les familles chromatiques|Filter color families|Farbfamilien filtern|Filtrar familias cromáticas|Filtrar famílias cromáticas
Une référence par ligne|One reference per line|Eine Referenz pro Zeile|Una referencia por línea|Uma referência por linha
Mode d'affichage|Display mode|Anzeigemodus|Modo de visualización|Modo de visualização
Base|Base|Basis|Base|Base
Cibles|Targets|Zieltöne|Objetivos|Alvos
Les nuances générées servent de cible. Ensuite on cherche les sprays réels les plus convaincants dans la marque choisie.|Generated shades serve as targets. We then find the best real spray matches within the selected brand.|Die erzeugten Nuancen dienen als Zieltöne. Anschließend werden die passendsten Sprühfarben der gewählten Marke gesucht.|Los matices generados sirven de objetivo. Después se buscan los aerosoles reales más adecuados de la marca elegida.|Os tons gerados servem de alvo. Depois procuram-se os sprays reais mais adequados na marca escolhida.
Matches|Matches|Treffer|Coincidencias|Correspondências
Une référence par niveau, en privilégiant la cohérence de teinte et l'ordre sombre vers clair.|One reference per level, prioritizing hue consistency and dark-to-light order.|Eine Referenz pro Stufe, mit Vorrang für Farbtonkonsistenz und die Reihenfolge von Dunkel nach Hell.|Una referencia por nivel, priorizando la coherencia del tono y el orden de oscuro a claro.|Uma referência por nível, privilegiando a coerência do tom e a ordem de escuro para claro.
Gammes de tonalités par marque|Tone ranges by brand|Farbtonreihen nach Marke|Gamas de tonalidades por marca|Gamas de tonalidades por marca
Choisis une marque, sélectionne une base mid tone du fabricant, puis demande une rampe en 3 ou 4 niveaux. La page cherche ensuite les références réelles les plus proches dans le catalogue.|Choose a brand and a midtone base, then select a 3- or 4-level gradient. The page finds the closest real references in the catalog.|Wähle eine Marke und eine Mitteltonbasis, dann einen Verlauf mit 3 oder 4 Stufen. Die Seite sucht die nächstliegenden echten Katalogreferenzen.|Elige una marca y una base de tono medio, y selecciona un degradado de 3 o 4 niveles. La página buscará las referencias reales más cercanas del catálogo.|Escolhe uma marca e uma base de tom médio, depois seleciona um gradiente de 3 ou 4 níveis. A página procura as referências reais mais próximas no catálogo.
Nombre de tonalités|Number of tones|Anzahl der Farbtöne|Número de tonalidades|Número de tonalidades
Bases mid tone disponibles|Available midtone bases|Verfügbare Mitteltonbasen|Bases de tono medio disponibles|Bases de tom médio disponíveis
Cercle chromatique interactif|Interactive color wheel|Interaktiver Farbkreis|Círculo cromático interactivo|Círculo cromático interativo
Indisponible|Unavailable|Nicht verfügbar|No disponible|Indisponível
Solide|Strong|Gut|Sólida|Sólida
Approchée|Approximate|Angenähert|Aproximada|Aproximada
Libre|Loose|Frei|Libre|Livre
couleur|color|Farbe|color|cor
couleurs|colors|Farben|colores|cores
BASE|BASE|BASIS|BASE|BASE
{0} deg|{0}°|{0}°|{0}°|{0}°
Approximation|Approximation|Annäherung|Aproximación|Aproximação
Correspondance|Match|Übereinstimmung|Coincidencia|Correspondência
Photo|Photo|Foto|Foto|Fotografia
Une référence par ligne G3140 Shock Black G9010 Banana Yellow|One reference per line\nG3140 Shock Black\nG9010 Banana Yellow|Eine Referenz pro Zeile\nG3140 Shock Black\nG9010 Banana Yellow|Una referencia por línea\nG3140 Shock Black\nG9010 Banana Yellow|Uma referência por linha\nG3140 Shock Black\nG9010 Banana Yellow
Mat|Matte|Matt|Mate|Mate
Brillant|Gloss|Glänzend|Brillante|Brilhante
Transparent|Transparent|Transparent|Transparente|Transparente
Fluorescent|Fluorescent|Fluoreszierend|Fluorescente|Fluorescente
Métallisé|Metallic|Metallic|Metalizado|Metalizado
Satiné|Satin|Seidenmatt|Satinado|Acetinado
Nombre maximum de sprays|Maximum number of sprays|Maximale Anzahl an Sprühfarben|Número máximo de aerosoles|Número máximo de sprays
Référence : {0}|Reference: {0}|Referenz: {0}|Referencia: {0}|Referência: {0}
Fiche épinglée · Échap pour fermer|Pinned card · Escape to close|Angeheftete Karte · Escape zum Schließen|Ficha fijada · Escape para cerrar|Ficha fixada · Escape para fechar
Cliquez pour garder cette fiche ouverte.|Click to keep this card open.|Klicken, um diese Karte geöffnet zu halten.|Haz clic para mantener esta ficha abierta.|Clica para manter esta ficha aberta.
Survolez une couleur pour identifier le spray. Cliquez pour garder la fiche ouverte.|Hover over a color to identify the spray. Click to keep the card open.|Bewege den Zeiger über eine Farbe, um die Sprühfarbe zu sehen. Klicke, um die Karte geöffnet zu halten.|Pasa el cursor sobre un color para identificar el aerosol. Haz clic para mantener la ficha abierta.|Passa o cursor sobre uma cor para identificar o spray. Clica para manter a ficha aberta.
Cliquez sur un pixel ou glissez pour sélectionner une zone et voir ses sprays.|Click a pixel or drag to select an area and see its sprays.|Klicke auf ein Pixel oder ziehe einen Bereich auf, um dessen Sprühfarben zu sehen.|Haz clic en un píxel o arrastra para seleccionar una zona y ver sus aerosoles.|Clica num píxel ou arrasta para selecionar uma zona e ver os seus sprays.
Sprays de la zone sélectionnée|Sprays in the selected area|Sprühfarben im ausgewählten Bereich|Aerosoles de la zona seleccionada|Sprays da zona selecionada
{0} références dans cette zone|{0} references in this area|{0} Referenzen in diesem Bereich|{0} referencias en esta zona|{0} referências nesta zona
Part de chaque spray dans la zone · Échap pour fermer|Share of each spray in the area · Escape to close|Anteil jeder Sprühfarbe im Bereich · Escape zum Schließen|Proporción de cada aerosol en la zona · Escape para cerrar|Proporção de cada spray na zona · Escape para fechar
Cette zone est entièrement transparente.|This area is entirely transparent.|Dieser Bereich ist vollständig transparent.|Esta zona es completamente transparente.|Esta zona é totalmente transparente.
